ClientID;Name;ContactName;Country;Email;Phone
affe6916-d6f8-4ec1-96ef-a1758f0f09d1;Oliver-Lucas;Lisa Pruitt;Ireland;allisonanderson@example.com;001-313-894-1853x0779
a0d3c5b0-37b9-438c-9c45-bd2dd4652563;Rodriguez, Ruiz and Summers;Stephanie Long;France;brookeschroeder@example.org;307.608.1312
da89bff1-2f07-4dfb-b8f4-b825f2c846d8;Neal, Bates and Avila;Laurie Dominguez;Oman;cynthiarush@example.net;660-749-7879
14d67783-6d7a-4c25-a325-d4e7c53ecf7f;Johnson PLC;Julia Aguilar;Iran;elizabeth93@example.com;+1-561-563-9505
9676d851-11e8-4cf7-8fe8-8b7b97193bdb;Garza, Hernandez and Harris;Andrew Hodges;Portugal;patrickhernandez@example.com;001-780-983-0379x76363
4cf6ae7b-397f-407b-981a-1cad8cadd51c;Zimmerman, Pierce and Diaz;Danny Neal;United States of America;rodriguezstephen@example.org;807.259.3105x00511
c8013ac7-5042-4353-9836-53009197224c;Dalton-Sloan;David Richards;Sudan;andersonnicholas@example.com;7603103117
b341becd-d23b-48d1-80ba-f0ffe9563bd7;Quinn-Stewart;Russell Moore;Armenia;kaitlin41@example.com;+1-224-952-0530
688f87c3-4135-46ef-8a37-efab8c459997;Bryan-Martinez;Harold Smith;British Indian Ocean Territory (Chagos Archipelago);danieldavis@example.net;+1-408-242-2095x65384
72e946dc-6370-4161-8693-ca6c5f532a81;Porter, Barker and Molina;Mario Garcia;Turks and Caicos Islands;bennettmichael@example.org;781.540.6494x573
895dbe88-111c-4fac-bba8-0829769f3493;Joseph, Wood and Martin;Brittany Chung;Dominican Republic;patriciagarcia@example.net;862.523.5492
792c59a2-4f4e-4d57-80d3-e7dcbced5234;Stafford, Salazar and Berg;Chris Nelson;Ghana;katherinedavis@example.com;(620)362-5637
c8b348ef-bb81-438d-8f2b-2d6ab23c53b2;Allen-Gray;Thomas Frye;Comoros;zli@example.com;699.639.7165x10489
7f3f3dcc-e5c1-4335-a545-7df4e7040ec9;Thompson-Sims;Barry Thomas;Saint Helena;bkeller@example.org;404-687-6461x4001
53dc72d7-93de-43b2-ba36-68483ca40b36;Torres Group;Margaret Henderson;Bangladesh;prattjason@example.com;(932)684-2399x36955
5ba0b6c3-4545-444d-b1ce-5c99637a90de;Walsh, Riggs and Mitchell;George Hart;Sierra Leone;haguilar@example.com;269-678-9714x491
cf39d4de-b843-40f3-85fd-cb965b27cf05;Hudson, Vega and Anthony;Aaron Hamilton;Somalia;oallen@example.net;4409255555
00381dfb-74ca-456c-ad73-7905ac68bfbf;Humphrey-Cox;Bryan Perez;Saint Pierre and Miquelon;william09@example.com;6445956049
d26b5619-1632-4211-b9b1-60235d2dba48;Dodson Inc;Lori Johnson;Myanmar;salazargilbert@example.com;8508407784
3deb0665-db8a-4fd0-897a-696c1e625b86;Flores Group;Jacqueline Harding;Andorra;tleon@example.org;+1-710-510-3422x550
f65fecb9-45ae-40a8-8663-9730d61c3a48;Smith and Sons;Dana Hayes;Thailand;braycurtis@example.com;001-693-931-1789x4201
849b2f14-39a5-4b5a-804a-8d5fb905878f;Bond Group;Courtney Peters;Gambia;james56@example.org;+1-251-887-5466x35568
66aba1b7-7a61-48f9-9ed8-30ed1b5d88b7;Mcbride LLC;Phillip Davis;Mongolia;coxtim@example.org;526.285.8051
851894da-b069-46d6-a5d5-4e514489b952;Nichols-Wagner;Amanda Rodgers;Indonesia;christianjoshua@example.org;001-523-988-4828x224
50fb07a9-d1ec-45ef-ba13-7c737ed0ad5a;Griffin, Burnett and Camacho;Gabriel Adkins;Lithuania;dannyrodriguez@example.org;(730)877-0218
a7fbc0a1-1baa-4ee6-9c38-bb4a4dbddb73;Welch, Kelly and Garcia;Megan Green;China;pateljonathon@example.net;760.482.5827
51579cec-38f4-483f-89bc-03c0138f724f;Murray, Hancock and Hernandez;Laurie Olson;Cape Verde;jamesrichardson@example.org;001-370-841-1959x5013
f67f964e-0b39-49f6-a4d2-98f1f954bb33;Flores LLC;Beth Ward;Puerto Rico;rhodessherri@example.com;335-488-2988x879
9c47a539-33fb-49ac-aea5-9c5f933e6aac;Jackson and Sons;Tyler Gonzales;Croatia;qwalker@example.org;399.666.3808x96745
20780f44-59aa-4485-90d5-cdf63bd8ea70;Holland, Hernandez and Austin;Sandra Grant;Syrian Arab Republic;opace@example.com;+1-449-377-1442x74019
5391de7b-fd01-4efe-8ca9-059b93a8cd7d;Mann-Martin;Lindsey Smith;Suriname;velasquezlawrence@example.net;(454)400-7841x902
b5c1f271-4fb6-4cf4-a626-6ab3df985246;King-Hines;Megan Jones;Uruguay;cbutler@example.com;262-626-5857x30814
fe3f3cbd-a760-47a9-8363-ae3386a91a76;Hood and Sons;John Garcia;Turkey;andersonzachary@example.net;421-914-6725
9baf2990-839d-4064-81c0-b05caaf23c27;Walker-Green;Mr. David Johnson;Falkland Islands (Malvinas);paul94@example.net;001-924-624-8285x350
153509fb-899f-42c0-82e0-f02b4119f77a;Thomas and Sons;Nicole Morales;Hungary;jorgesoto@example.net;+1-874-929-5863x4629
e6eeb44b-fb8c-4015-bce8-727f7868c337;Ruiz and Sons;Ashley Brady;Madagascar;david36@example.org;545-374-0539
36830d39-8965-4bac-836f-3d98b5b9461c;Smith and Sons;Jocelyn Meza;Estonia;perezemily@example.org;001-292-850-8502x01672
dac6a36b-d96b-4298-82e3-019a4dddf966;Harrington and Sons;Kristin Leon;Cuba;crodriguez@example.net;001-225-371-0475x6094
780bcfa7-335a-4020-a21d-f79e331f4cfd;Newman Group;Taylor Herring;Libyan Arab Jamahiriya;brianacooper@example.org;(840)345-0285x90898
c1cbea50-ef90-4d0f-8d52-858079c49f39;Adkins-Clark;Michael Hale;Ecuador;thomasjanice@example.com;346-280-5845x2585
292d70dc-52cd-4122-9364-3d79833476ba;Shepherd-Beasley;Gregory Johns;Jamaica;howellmarisa@example.org;001-517-772-6806x6159
7b8ae9ac-df41-43bf-aff3-7a9c65beac47;Price Group;April Evans;Montserrat;edward51@example.net;9887090609
c3a65709-c171-4b66-997c-a2241c6e51c8;Peterson, Page and Simon;Kenneth Moon;Mauritania;mary15@example.org;945.727.0084
efb899d2-cf37-44d9-a8ed-671eb8cbe76b;Miller, Roach and Perez;Travis Mccarthy;New Caledonia;fknight@example.org;+1-837-731-9534x7065
0a80e659-58af-4bbc-82c6-f41772521e3c;Peterson PLC;Brittany Mccoy;Portugal;mark28@example.net;811-290-9242x1398
a09fa713-bc27-44ca-b110-bf64c41b7bd4;Barnett-Davies;Jack Kelly;Guinea-Bissau;johnsoneric@example.net;(605)352-4537x4677
6afd26b5-147e-46aa-8674-f4865a2df095;Lynch-Cohen;Erin Smith;Nauru;williamwright@example.net;308-786-5968x106
3ecd4b2c-5924-4c72-ae5c-a39d166315c2;Bailey Ltd;Kevin Martinez;Tanzania;zunigajessica@example.org;840.525.0584x784
4f2e14ca-db86-4617-974e-0dce25bdb465;Campbell, Gibson and King;Hannah Parker;Luxembourg;marymitchell@example.org;001-823-715-7629x001
8916375b-b98a-466a-9a75-ee7e741b3229;Ibarra LLC;Kelsey Carpenter;Tajikistan;vwhite@example.net;001-365-919-8250x48354
